{
  "name": "ergo60",
  "vendorId": "0xD812",
  "productId": "0x0028",
  "menus": ["qmk_rgblight"],
  "keycodes": ["qmk_lighting"],
  "matrix": { "rows": 6, "cols": 15 },
  "layouts": {
    "labels": [],
    "keymap": [
  [
    {
      "x": 1.3
    },
    "0,0",
    "0,1",
    "0,2",
    "0,3",
    "0,4",
    "0,5",
    "0,6",
    {
      "x": 2.1999999999999993
    },
    "0,7",
    "0,8",
    "0,9",
    "0,10",
    "0,11",
    "0,12",
    {
      "w": 2
    },
    "0,14"
  ],
  [
    "1,0",
    {
      "x": 0.30000000000000004,
      "w": 1.5
    },
    "1,1",
    "1,2",
    "1,3",
    "1,4",
    "1,5",
    "1,6",
    {
      "x": 2.2
    },
    "1,7",
    "1,8",
    "1,9",
    "1,10",
    "1,11",
    "1,12",
    "1,13",
    {
      "w": 1.5
    },
    "1,14"
  ],
  [
    "2,0",
    {
      "x": 0.30000000000000004,
      "w": 1.75
    },
    "2,1",
    "2,2",
    "2,3",
    "2,4",
    "2,5",
    "2,6",
    {
      "x": 2.1999999999999993
    },
    "2,7",
    "2,8",
    "2,9",
    "2,10",
    "2,11",
    "2,13",
    {
      "w": 2.25
    },
    "2,14"
  ],
  [
    "3,0",
    {
      "x": 0.30000000000000004,
      "w": 2.25
    },
    "3,1",
    "3,2",
    "3,3",
    "3,4",
    "3,5",
    "3,6",
    {
      "x": 1.1999999999999993
    },
    "3,7",
    "3,8",
    "3,9",
    "3,10",
    "3,11",
    "3,12",
    {
      "w": 1.75
    },
    "3,13",
    "3,14"
  ],
  [
    {
      "x": 1.3,
      "w": 1.25
    },
    "5,0",
    {
      "w": 1.25
    },
    "5,2",
    {
      "x": 1.4500000000000002,
      "w": 1.25
    },
    "5,3",
    {
      "w": 2.25
    },
    "5,5",
    {
      "x": 1,
      "w": 2.75
    },
    "5,8",
    {
      "w": 1.25
    },
    "5,9",
    "5,11",
    {
      "x": 2.5,
      "w": 1.25
    },
    "5,14"
  ]
]
  }
}